{
  "updateBookingByPUT" : {
    "transaction" : "updateBookingByPUT",
    "sampleCount" : 500,
    "errorCount" : 0,
    "errorPct" : 0.0,
    "meanResTime" : 423.7280000000002,
    "medianResTime" : 356.0,
    "minResTime" : 306.0,
    "maxResTime" : 2168.0,
    "pct1ResTime" : 415.90000000000003,
    "pct2ResTime" : 1135.85,
    "pct3ResTime" : 1267.5600000000004,
    "throughput" : 27.382256297918946,
    "receivedKBytesPerSec" : 24.6716268483023,
    "sentKBytesPerSec" : 13.42372330230011
  },
  "auth" : {
    "transaction" : "auth",
    "sampleCount" : 500,
    "errorCount" : 0,
    "errorPct" : 0.0,
    "meanResTime" : 2794.6060000000025,
    "medianResTime" : 2345.5,
    "minResTime" : 1264.0,
    "maxResTime" : 19554.0,
    "pct1ResTime" : 4938.400000000001,
    "pct2ResTime" : 6366.8,
    "pct3ResTime" : 8026.590000000005,
    "throughput" : 24.86696175461282,
    "receivedKBytesPerSec" : 18.892285646789677,
    "sentKBytesPerSec" : 6.09531972696076
  },
  "Total" : {
    "transaction" : "Total",
    "sampleCount" : 3000,
    "errorCount" : 0,
    "errorPct" : 0.0,
    "meanResTime" : 818.6960000000012,
    "medianResTime" : 363.0,
    "minResTime" : 302.0,
    "maxResTime" : 19554.0,
    "pct1ResTime" : 1825.2000000000016,
    "pct2ResTime" : 3357.95,
    "pct3ResTime" : 6203.149999999981,
    "throughput" : 137.76634827332842,
    "receivedKBytesPerSec" : 117.69497525945995,
    "sentKBytesPerSec" : 43.85920853232917
  },
  "deleteBooking" : {
    "transaction" : "deleteBooking",
    "sampleCount" : 500,
    "errorCount" : 0,
    "errorPct" : 0.0,
    "meanResTime" : 409.97400000000005,
    "medianResTime" : 352.0,
    "minResTime" : 303.0,
    "maxResTime" : 3047.0,
    "pct1ResTime" : 402.60000000000014,
    "pct2ResTime" : 1059.9,
    "pct3ResTime" : 1157.98,
    "throughput" : 27.436347673397716,
    "receivedKBytesPerSec" : 20.251882819359086,
    "sentKBytesPerSec" : 6.082080978380158
  },
  "updateBookingByPATCH" : {
    "transaction" : "updateBookingByPATCH",
    "sampleCount" : 500,
    "errorCount" : 0,
    "errorPct" : 0.0,
    "meanResTime" : 431.54200000000014,
    "medianResTime" : 360.0,
    "minResTime" : 306.0,
    "maxResTime" : 3126.0,
    "pct1ResTime" : 426.60000000000014,
    "pct2ResTime" : 1103.9,
    "pct3ResTime" : 1232.5300000000004,
    "throughput" : 27.37925747453729,
    "receivedKBytesPerSec" : 24.67769480341693,
    "sentKBytesPerSec" : 8.315379955645602
  },
  "getBooking" : {
    "transaction" : "getBooking",
    "sampleCount" : 500,
    "errorCount" : 0,
    "errorPct" : 0.0,
    "meanResTime" : 420.5800000000001,
    "medianResTime" : 355.0,
    "minResTime" : 304.0,
    "maxResTime" : 3278.0,
    "pct1ResTime" : 394.0,
    "pct2ResTime" : 1190.9,
    "pct3ResTime" : 1390.6700000000003,
    "throughput" : 27.362775679964976,
    "receivedKBytesPerSec" : 24.59464613090352,
    "sentKBytesPerSec" : 5.344292124993159
  },
  "createBooking" : {
    "transaction" : "createBooking",
    "sampleCount" : 500,
    "errorCount" : 0,
    "errorPct" : 0.0,
    "meanResTime" : 431.7460000000001,
    "medianResTime" : 352.0,
    "minResTime" : 302.0,
    "maxResTime" : 3795.0,
    "pct1ResTime" : 400.90000000000003,
    "pct2ResTime" : 1252.6,
    "pct3ResTime" : 2048.610000000006,
    "throughput" : 27.398761575976767,
    "receivedKBytesPerSec" : 25.393300660310157,
    "sentKBytesPerSec" : 12.441820442216013
  }
}